1.6834421157836914,102.0,1.8250711783766747,-129.71842996310443,-0.7405001912266016,-101.13437460176647,0.0,0.0,0.0,0.0,0.0,0.0,0.0,0.0,1741742610.0299926,0.0,nothing
1.7846815586090088,111.0,3.5716044576838613,236.32427820004523,3.5678645577281713,231.95607505179942,0.0,0.0,0.0,0.0,0.0,0.0,0.0,0.0,1741742610.1188588,0.0,nothing
1.8855726718902588,122.0,-0.6544824922457337,-100.22557891253382,-0.8751365896314383,-79.52897255774587,0.0,0.0,0.0,0.0,0.0,0.0,0.0,0.0,1741742610.225508,0.0,nothing
1.9866058826446533,132.0,1.7091342797502875,-98.76701792981476,3.6426625568419695,-92.88041539955884,0.0,0.0,0.0,0.0,0.0,0.0,0.0,0.0,1741742610.3286016,0.0,nothing
2.0873632431030273,141.0,1.570757981389761,190.2038319464773,1.409942283295095,183.28501702845097,0.0,0.0,0.0,0.0,0.0,0.0,0.0,0.0,1741742610.4187205,0.0,nothing
2.1879708766937256,150.0,7.969726805575192,-202.68013819865882,3.100377063266933,-220.75507468450814,0.0,0.0,0.0,0.0,0.0,0.0,0.0,0.0,1741742610.5086603,0.0,nothing
2.288926839828491,162.0,0.7031011916697025,-108.54685631394386,6.645802221260965,-94.1557212844491,0.0,0.0,0.0,0.0,0.0,0.0,0.0,0.0,1741742610.6291387,0.0,nothing
2.389496088027954,171.0,5.400415536016226,178.84575578104705,1.5183993820101023,176.5606769081205,0.0,0.0,0.0,0.0,0.0,0.0,0.0,0.0,1741742610.7202857,0.0,nothing
2.490316867828369,182.0,-0.6096036927774549,-108.88718720991164,3.186394762247801,-92.62236230261624,0.0,0.0,0.0,0.0,0.0,0.0,0.0,0.0,1741742610.823908,0.0,nothing
2.5907034873962402,191.0,2.5244324700906873,185.1998458057642,6.4999461229890585,160.01161960419267,0.0,0.0,0.0,0.0,0.0,0.0,0.0,0.0,1741742610.915293,0.0,nothing
2.6914236545562744,102.0,4.936667941510677,-690.8754587145522,4.876829542219639,-809.699560106732,0.0,0.0,0.0,0.0,0.0,0.0,0.0,0.0,1741742611.0341718,0.0,nothing
2.792421340942383,111.0,8.100623304024339,-1068.5342961400747,7.760292408056557,-1198.267685703002,0.0,0.0,0.0,0.0,0.0,0.0,0.0,0.0,1741742611.1238887,0.0,nothing
2.8940725326538086,122.0,1.006033088080585,-695.0865860646591,7.943547505885363,-793.7638463955373,0.0,0.0,0.0,0.0,0.0,0.0,0.0,0.0,1741742611.2303653,0.0,nothing
2.995157480239868,131.0,7.210527114570141,-1063.0029841056094,5.901562130078673,-1189.3442844087258,0.0,0.0,0.0,0.0,0.0,0.0,0.0,0.0,1741742611.3204288,0.0,nothing
3.095785140991211,143.0,4.876829542219639,-1085.9921491332352,9.24503269046545,-1184.0448461715132,0.0,0.0,0.0,0.0,0.0,0.0,0.0,0.0,1741742611.441272,0.0,nothing
3.1968467235565186,152.0,5.9352212296798825,-684.0090023959056,7.842570207081735,-808.4840926211327,0.0,0.0,0.0,0.0,0.0,0.0,0.0,0.0,1741742611.5303063,0.0,nothing
3.297550678253174,162.0,6.335390524938703,-666.9176595984027,8.328757201321423,-810.6831537950784,0.0,0.0,0.0,0.0,0.0,0.0,0.0,0.0,1741742611.64039,0.0,nothing
3.3983213901519775,171.0,4.7309734439477324,-1086.3063007295132,6.402708724141121,-1226.9040996637195,0.0,0.0,0.0,0.0,0.0,0.0,0.0,0.0,1741742611.7245057,0.0,nothing
3.4988725185394287,183.0,6.930034617893398,-1085.102052943781,11.369295865297318,-1191.7041612807661,0.0,0.0,0.0,0.0,0.0,0.0,0.0,0.0,1741742611.8441527,0.0,nothing
3.599820852279663,192.0,8.343716801144183,-694.1216918760911,7.7453328082337976,-819.9693253850564,0.0,0.0,0.0,0.0,0.0,0.0,0.0,0.0,1741742611.9339092,0.0,nothing
3.700592041015625,102.0,9.518045387230814,-970.9060777467676,7.074020766187459,-1108.7793595632538,0.0,0.0,0.0,0.0,0.0,0.0,0.0,0.0,1741742612.0389347,0.0,nothing
3.8013107776641846,111.0,4.2073874501511455,-975.1620838963427,9.190804141107947,-1075.0230225631967,0.0,0.0,0.0,0.0,0.0,0.0,0.0,0.0,1741742612.1287725,0.0,nothing
3.902160406112671,123.0,3.5155059583485126,-718.5077095371671,6.5803539720363915,-841.8327805260196,0.0,0.0,0.0,0.0,0.0,0.0,0.0,0.0,1741742612.2489128,0.0,nothing
4.003334045410156,133.0,4.2447864497080445,-714.3302412866615,7.732243158388883,-826.9479787023738,0.0,0.0,0.0,0.0,0.0,0.0,0.0,0.0,1741742612.3432276,0.0,nothing
4.103927135467529,141.0,4.779592143371701,-947.4344656248577,4.302754899021238,-1053.5185978179798,0.0,0.0,0.0,0.0,0.0,0.0,0.0,0.0,1741742612.4289708,0.0,nothing
4.204938173294067,153.0,0.07479799911379814,-721.8773593972437,5.566841084044427,-828.3055623862892,0.0,0.0,0.0,0.0,0.0,0.0,0.0,0.0,1741742612.548766,0.0,nothing
4.305475473403931,162.0,5.437814535573125,-978.9954813509248,8.966410143766552,-1125.6425684634596,0.0,0.0,0.0,0.0,0.0,0.0,0.0,0.0,1741742612.638955,0.0,nothing
4.406234979629517,173.0,4.510319346562028,-614.160760873463,9.48999613756314,-705.7228615386412,0.0,0.0,0.0,0.0,0.0,0.0,0.0,0.0,1741742612.7454484,0.0,nothing
4.506998777389526,182.0,7.65183530934155,-947.9842309183441,10.24919582856819,-1037.4370280085132,0.0,0.0,0.0,0.0,0.0,0.0,0.0,0.0,1741742612.8352287,0.0,nothing
4.607988119125366,192.0,9.383408988825977,-989.2428072295152,2.7506964174099267,-1127.5985361402854,0.0,0.0,0.0,0.0,0.0,0.0,0.0,0.0,1741742612.938879,0.0,nothing
4.708639860153198,102.0,3.6314428569748998,-1083.0825069677085,7.3040246134623885,-1162.5235918764956,0.0,0.0,0.0,0.0,0.0,0.0,0.0,0.0,1741742613.0437984,0.0,nothing
4.810454845428467,113.0,7.363863012753427,-895.4479862907901,12.4501269524917,-1022.6849926332943,0.0,0.0,0.0,0.0,0.0,0.0,0.0,0.0,1741742613.1503263,0.0,nothing
4.911085367202759,122.0,5.875382830388844,-1072.4312718939036,8.003385905176401,-1148.203514946159,0.0,0.0,0.0,0.0,0.0,0.0,0.0,0.0,1741742613.2403028,0.0,nothing
5.01189923286438,132.0,7.24792611412704,-1066.7877628607675,7.494759511202574,-1151.8199982033111,0.0,0.0,0.0,0.0,0.0,0.0,0.0,0.0,1741742613.3437057,0.0,nothing
5.112557411193848,143.0,9.978053081780672,-791.8677171180025,11.515151963569224,-925.1521416888572,0.0,0.0,0.0,0.0,0.0,0.0,0.0,0.0,1741742613.4501784,0.0,nothing
5.2136070728302,153.0,5.542531734332442,-845.9204911775887,7.760292408056557,-951.3613605783321,0.0,0.0,0.0,0.0,0.0,0.0,0.0,0.0,1741742613.5546095,0.0,nothing
5.315303802490234,162.0,3.739899955689907,-1074.151625873521,7.165648315101862,-1148.0688785477541,0.0,0.0,0.0,0.0,0.0,0.0,0.0,0.0,1741742613.6442883,0.0,nothing
5.415924787521362,173.0,6.402708724141121,-938.879444476217,13.456160040572286,-1022.9131265305914,0.0,0.0,0.0,0.0,0.0,0.0,0.0,0.0,1741742613.7502885,0.0,nothing
5.516531944274902,183.0,8.179161203093827,-933.3219531420618,9.159014991484582,-1017.3556351964362,0.0,0.0,0.0,0.0,0.0,0.0,0.0,0.0,1741742613.854463,0.0,nothing
5.617424726486206,194.0,5.389195836149156,-797.915135346353,10.374482477083802,-906.9724880042486,0.0,0.0,0.0,0.0,0.0,0.0,0.0,0.0,1741742613.960375,0.0,nothing
5.717961311340332,103.0,8.558761048596352,-1117.4783668601885,10.06407078076154,-1222.448008866515,0.0,0.0,0.0,0.0,0.0,0.0,0.0,0.0,1741742614.0531747,0.0,nothing
5.818362712860107,113.0,5.4920430849306285,-1116.6443691700697,9.892035382799804,-1208.1466314359568,0.0,0.0,0.0,0.0,0.0,0.0,0.0,0.0,1741742614.1541183,0.0,nothing
5.919482231140137,123.0,2.859153516124934,-1116.0908639766276,2.700207768008113,-1190.090394449886,0.0,0.0,0.0,0.0,0.0,0.0,0.0,0.0,1741742614.2588124,0.0,nothing
6.020275115966797,134.0,5.222770288120955,-820.5041310787201,8.568110798485577,-908.1954352897592,0.0,0.0,0.0,0.0,0.0,0.0,0.0,0.0,1741742614.3653736,0.0,nothing
6.121530532836914,143.0,8.076313954312354,-1130.3735419074073,6.4588072234764695,-1220.3873239909299,0.0,0.0,0.0,0.0,0.0,0.0,0.0,0.0,1741742614.4553945,0.0,nothing
6.222163200378418,152.0,5.177891488652676,-719.9008222706616,4.83943054266274,-797.8983057965524,0.0,0.0,0.0,0.0,0.0,0.0,0.0,0.0,1741742614.545323,0.0,nothing
6.3226494789123535,164.0,6.905725268181413,-822.9911645492539,7.928587906062603,-940.9083402021788,0.0,0.0,0.0,0.0,0.0,0.0,0.0,0.0,1741742614.6651008,0.0,nothing
6.4234137535095215,174.0,2.3056483226828277,-836.4996831892058,7.307764513418078,-915.4396215039305,0.0,0.0,0.0,0.0,0.0,0.0,0.0,0.0,1741742614.7689595,0.0,nothing
6.524343252182007,183.0,0.10658714873716235,-1116.3002983741462,7.25166601408273,-1197.663691860158,0.0,0.0,0.0,0.0,0.0,0.0,0.0,0.0,1741742614.85868,0.0,nothing
6.625463247299194,192.0,2.694597918074578,-714.7659396314994,8.145502103492618,-803.186524333898,0.0,0.0,0.0,0.0,0.0,0.0,0.0,0.0,1741742614.9489477,0.0,nothing
6.726174831390381,104.0,6.1764447768218815,-1119.0491248415783,8.43347440008074,-1208.1092324364,0.0,0.0,0.0,0.0,0.0,0.0,0.0,0.0,1741742615.068725,0.0,nothing
6.826908111572266,113.0,0.5927741429768503,-756.174111940898,9.368449389003217,-832.8140117828734,0.0,0.0,0.0,0.0,0.0,0.0,0.0,0.0,1741742615.1619532,0.0,nothing
6.9273669719696045,123.0,4.845040392596275,-753.9339118674397,7.6331358095631,-823.3333653951995,0.0,0.0,0.0,0.0,0.0,0.0,0.0,0.0,1741742615.2639856,0.0,nothing
7.027827739715576,132.0,6.180184676777571,-957.5714644547552,7.285325113683939,-1054.7284554536454,0.0,0.0,0.0,0.0,0.0,0.0,0.0,0.0,1741742615.3541007,0.0,nothing
7.1285316944122314,144.0,4.399992297869176,-1117.762599256821,8.930881094187498,-1218.7492478103377,0.0,0.0,0.0,0.0,0.0,0.0,0.0,0.0,1741742615.4736607,0.0,nothing
7.228991508483887,153.0,4.886179292108864,-731.9956587273628,2.7076875679194927,-821.1156047214754,0.0,0.0,0.0,0.0,0.0,0.0,0.0,0.0,1741742615.5638628,0.0,nothing
7.329393625259399,162.0,5.686517882626504,-960.2941116224974,9.727479784749448,-1066.6475166124292,0.0,0.0,0.0,0.0,0.0,0.0,0.0,0.0,1741742615.6538124,0.0,nothing
7.430827379226685,173.0,1.9877568264491856,-733.9067476047203,7.461100411601365,-851.3975746626966,0.0,0.0,0.0,0.0,0.0,0.0,0.0,0.0,1741742615.7603064,0.0,nothing
7.5320892333984375,183.0,2.4328049211762846,-746.139960359782,5.415375135838985,-818.2059625559486,0.0,0.0,0.0,0.0,0.0,0.0,0.0,0.0,1741742615.8638506,0.0,nothing
7.632542848587036,194.0,9.340400139335543,-1119.7260467335582,7.6331358095631,-1227.6801289045252,0.0,0.0,0.0,0.0,0.0,0.0,0.0,0.0,1741742615.9719365,0.0,nothing
7.733145236968994,102.0,4.802031543105841,-1079.507162610069,6.241893026046455,-1169.7359889410436,0.0,0.0,0.0,0.0,0.0,0.0,0.0,0.0,1741742616.059076,0.0,nothing
7.8338623046875,113.0,7.722893408499658,-851.0030152173713,6.283031925559044,-955.6977745769545,0.0,0.0,0.0,0.0,0.0,0.0,0.0,0.0,1741742616.1653762,0.0,nothing
7.934913158416748,122.0,5.6135898334905505,-1078.5123492218554,4.671135044656694,-1150.8831532644108,0.0,0.0,0.0,0.0,0.0,0.0,0.0,0.0,1741742616.269692,0.0,nothing
8.03534984588623,134.0,3.4743670588359237,-805.0508644618094,7.117029615677893,-922.465023570694,0.0,0.0,0.0,0.0,0.0,0.0,0.0,0.0,1741742616.3738644,0.0,nothing
8.136107683181763,143.0,5.546271634288132,-846.0813068756834,9.368449389003217,-983.6086479462683,0.0,0.0,0.0,0.0,0.0,0.0,0.0,0.0,1741742616.4653957,0.0,nothing
8.236657857894897,153.0,2.8385840663686395,-844.3796523958445,10.625055774115026,-957.1189365601167,0.0,0.0,0.0,0.0,0.0,0.0,0.0,0.0,1741742616.5692947,0.0,nothing
8.337298154830933,162.0,5.164801838807762,-1052.0301176356152,5.033905340358615,-1146.4887708164752,0.0,0.0,0.0,0.0,0.0,0.0,0.0,0.0,1741742616.6589594,0.0,nothing
8.437816381454468,174.0,-0.8078183904290199,-803.4726266805083,4.3270642487332225,-932.0578669570386,0.0,0.0,0.0,0.0,0.0,0.0,0.0,0.0,1741742616.7791443,0.0,nothing
8.53885006904602,183.0,4.629996145144105,-864.5451929569244,9.506825687363744,-997.6482323799282,0.0,0.0,0.0,0.0,0.0,0.0,0.0,0.0,1741742616.8694692,0.0,nothing
8.639509439468384,194.0,8.358676400966942,-805.7801449531689,7.790211607702076,-917.9360047243536,0.0,0.0,0.0,0.0,0.0,0.0,0.0,0.0,1741742616.975164,0.0,nothing
8.740445137023926,101.0,12.66891109989956,-1014.7620145771652,9.605933036189526,-1130.3473626077175,0.0,0.0,0.0,0.0,0.0,0.0,0.0,0.0,1741742617.0504851,0.0,nothing
8.840978860855103,113.0,4.994636390823871,-1118.342283749953,10.320253927726299,-1224.3160888943821,0.0,0.0,0.0,0.0,0.0,0.0,0.0,0.0,1741742617.1705408,0.0,nothing
8.941538333892822,123.0,4.332674098666757,-1117.5793441589922,6.131565977353603,-1212.2549115372822,0.0,0.0,0.0,0.0,0.0,0.0,0.0,0.0,1741742617.2740235,0.0,nothing
9.043500423431396,134.0,6.311081175226718,-772.7194293448702,6.763609069865197,-876.4866935154423,0.0,0.0,0.0,0.0,0.0,0.0,0.0,0.0,1741742617.380347,0.0,nothing
9.144301891326904,143.0,7.3058945634402335,-1114.83051769156,7.945417455863208,-1193.5703713586554,0.0,0.0,0.0,0.0,0.0,0.0,0.0,0.0,1741742617.47181,0.0,nothing
9.246049880981445,153.0,7.474190061446279,-1117.3960890611634,8.446564049925655,-1190.9748807894066,0.0,0.0,0.0,0.0,0.0,0.0,0.0,0.0,1741742617.574515,0.0,nothing
9.346681356430054,164.0,4.575767595786601,-783.0826921220869,7.773382057901472,-905.4970974717289,0.0,0.0,0.0,0.0,0.0,0.0,0.0,0.0,1741742617.6803412,0.0,nothing
9.447670936584473,174.0,9.190804141107947,-784.2645005080849,7.261015763971955,-889.2696715639904,0.0,0.0,0.0,0.0,0.0,0.0,0.0,0.0,1741742617.783939,0.0,nothing
9.548650979995728,183.0,4.2877952991984785,-1104.5719721131027,7.130119265522808,-1189.269486409612,0.0,0.0,0.0,0.0,0.0,0.0,0.0,0.0,1741742617.8737886,0.0,nothing
9.648918628692627,195.0,0.4057791451923549,-898.0883556595072,8.095013454090804,-973.3164432682097,0.0,0.0,0.0,0.0,0.0,0.0,0.0,0.0,1741742617.9938664,0.0,nothing
9.749146938323975,104.0,8.891612144652754,-1115.3559736353345,6.8608464687131345,-1207.8006906900555,0.0,0.0,0.0,0.0,0.0,0.0,0.0,0.0,1741742618.0853355,0.0,nothing
9.84950304031372,114.0,5.484563285019249,-1116.676158319693,7.066540966276079,-1216.671733384952,0.0,0.0,0.0,0.0,0.0,0.0,0.0,0.0,1741742618.1888697,0.0,nothing
9.95058560371399,123.0,2.137352824676782,-779.4905182146467,4.351373598445207,-853.4077708888799,0.0,0.0,0.0,0.0,0.0,0.0,0.0,0.0,1741742618.278778,0.0,nothing
10.05137014389038,135.0,5.271388987544924,-717.41191885015,5.645378983113915,-819.7711106874049,0.0,0.0,0.0,0.0,0.0,0.0,0.0,0.0,1741742618.3990107,0.0,nothing
10.15236496925354,145.0,1.2135975356213748,-720.317821115721,9.665771435480565,-814.4604527503252,0.0,0.0,0.0,0.0,0.0,0.0,0.0,0.0,1741742618.4930687,0.0,nothing
10.252798557281494,153.0,5.6939976825378835,-763.6557818022557,2.3580069220624864,-862.6191444797441,0.0,0.0,0.0,0.0,0.0,0.0,0.0,0.0,1741742618.5790038,0.0,nothing
10.353258848190308,164.0,9.740569434594363,-1127.761221788358,14.26584838097915,-1209.5734032690525,0.0,0.0,0.0,0.0,0.0,0.0,0.0,0.0,1741742618.6852012,0.0,nothing
10.45392894744873,174.0,8.921531344298273,-1111.5188362807967,10.933597520459443,-1209.6295017683879,0.0,0.0,0.0,0.0,0.0,0.0,0.0,0.0,1741742618.78957,0.0,nothing
10.554649829864502,185.0,4.863739892374724,-698.3982674754225,7.575167360249907,-810.5410375967622,0.0,0.0,0.0,0.0,0.0,0.0,0.0,0.0,1741742618.8953438,0.0,nothing
10.65535044670105,194.0,7.118899565655738,-1090.2724646325223,10.907418220769614,-1197.493526412174,0.0,0.0,0.0,0.0,0.0,0.0,0.0,0.0,1741742618.9854825,0.0,nothing
10.755650758743286,104.0,2.943301265127957,-848.4467935976572,6.7392997201532125,-914.0053698709235,0.0,0.0,0.0,0.0,0.0,0.0,0.0,0.0,1741742619.09034,0.0,nothing
10.856224536895752,114.0,0.9387148888781667,-845.5595908318646,9.921954582445323,-933.4790289402008,0.0,0.0,0.0,0.0,0.0,0.0,0.0,0.0,1741742619.1937752,0.0,nothing
10.95694899559021,125.0,9.125355891883373,-1075.8439306034707,6.627102721482515,-1176.6622836589813,0.0,0.0,0.0,0.0,0.0,0.0,0.0,0.0,1741742619.300459,0.0,nothing
11.057548761367798,134.0,6.159615227021277,-861.0876554478891,2.6815082682296634,-966.6033228477463,0.0,0.0,0.0,0.0,0.0,0.0,0.0,0.0,1741742619.3902533,0.0,nothing
11.158449411392212,144.0,2.1878414740785956,-833.9210221697576,6.346610224805772,-916.8701332369819,0.0,0.0,0.0,0.0,0.0,0.0,0.0,0.0,1741742619.4937913,0.0,right_blink
11.259019613265991,153.0,6.249372825957835,-844.4226612453349,5.744486331939697,-970.9416067963466,0.0,0.0,0.0,0.0,0.0,0.0,0.0,0.0,1741742619.5837567,0.0,right_blink
11.360740661621094,165.0,11.24213926680386,-1102.9656850821339,7.393782212398946,-1204.5469777286053,0.0,0.0,0.0,0.0,0.0,0.0,0.0,0.0,1741742619.7045484,0.0,right_blink
11.461650371551514,174.0,5.722046932205558,-762.8891023113392,3.294851860962808,-902.3668012088165,0.0,0.0,0.0,0.0,0.0,0.0,0.0,0.0,1741742619.7938468,0.0,right_blink
11.562304258346558,185.0,5.811804531142116,-706.857921175193,11.866702559404075,-1316.9347112970427,0.0,0.0,0.0,0.0,0.0,0.0,0.0,0.0,1741742619.9018252,0.0,right_blink
11.662774801254272,194.0,0.6956213917583227,-770.7840311178006,8.0407849047333,-999.1441923622042,0.0,0.0,0.0,0.0,0.0,0.0,0.0,0.0,1741742619.9903228,0.0,right_blink
11.763466596603394,105.0,5.275128887500614,-961.251526011154,6.988003067206591,-1072.0572818983346,0.0,0.0,0.0,0.0,0.0,0.0,0.0,0.0,1741742620.1087806,0.0,right_blink
11.864866495132446,113.0,1.9765371265821159,-481.65049559343606,10.948557120282203,-1410.0694398935884,0.0,0.0,0.0,0.0,0.0,0.0,0.0,0.0,1741742620.1855612,0.0,right_blink
11.965620040893555,125.0,3.300461710896343,-866.8601910294965,7.661185059230775,-1116.6368893701583,0.0,0.0,0.0,0.0,0.0,0.0,0.0,0.0,1741742620.305276,0.0,right_blink
12.066216468811035,134.0,4.5271488963626325,-766.9225844135508,6.599053471814841,-904.2143117869273,0.0,0.0,0.0,0.0,0.0,0.0,0.0,0.0,1741742620.3953075,0.0,right_blink
12.167070865631104,144.0,5.144232389051467,-396.0479255076498,8.730796446558088,-899.4234999436885,0.0,0.0,0.0,0.0,0.0,0.0,0.0,0.0,1741742620.4989233,0.0,right_blink
12.267672061920166,155.0,5.948310879524797,-1065.938805570826,7.537768360693008,-939.036520274356,0.0,0.0,0.0,0.0,0.0,0.0,0.0,0.0,1741742620.605327,0.0,right_blink
12.368216276168823,162.0,4.530888796318322,-862.1441771853715,7.275975363794714,-703.168509868905,0.0,0.0,0.0,0.0,0.0,0.0,0.0,0.0,1741742620.6789992,0.0,right_blink
12.468518495559692,174.0,5.6565986829809844,-314.3011922761798,11.647918411996216,-872.0661317678168,0.0,0.0,0.0,0.0,0.0,0.0,0.0,0.0,1741742620.800198,0.0,right_blink
12.569861888885498,185.0,3.2069642120040953,-100.10216221399605,8.62981914775446,-1263.8543112259358,0.0,0.0,0.0,0.0,0.0,0.0,0.0,0.0,1741742620.9056048,0.0,right_blink
12.670834064483643,195.0,1.049041937571019,-585.5149971628562,2.7880954169668257,-1132.2023529857397,0.0,0.0,0.0,0.0,0.0,0.0,0.0,0.0,1741742621.008934,0.0,right_blink
12.771524429321289,105.0,1.164978836197406,-706.5362897790037,4.173728350549936,-810.2381057003513,0.0,0.0,0.0,0.0,0.0,0.0,0.0,0.0,1741742621.1140244,0.0,right_blink
12.872525691986084,114.0,7.500369361136109,-865.1454468998127,9.510565587319434,-1134.7529647555202,0.0,0.0,0.0,0.0,0.0,0.0,0.0,0.0,1741742621.2038884,0.0,right_blink
12.972881078720093,125.0,4.411211997736245,-546.7752434718423,6.43262792378664,-811.8500025812536,0.0,0.0,0.0,0.0,0.0,0.0,0.0,0.0,1741742621.3103256,0.0,right_blink
13.073409795761108,135.0,4.661785294767469,-629.8646007874049,2.501993070356548,-808.1849006246775,0.0,0.0,0.0,0.0,0.0,0.0,0.0,0.0,1741742621.4137635,0.0,right_blink
13.174017667770386,146.0,7.04036166658625,-1146.5542190656997,4.951627541333437,-1050.2686247564852,0.0,0.0,0.0,0.0,0.0,0.0,0.0,0.0,1741742621.52045,0.0,right_blink
13.27595043182373,155.0,-0.3384609459899366,-812.1735039274208,5.531312034465373,-720.401968864724,0.0,0.0,0.0,0.0,0.0,0.0,0.0,0.0,1741742621.6103165,0.0,right_blink
13.37826156616211,165.0,2.5450019198469818,-504.02444707835093,4.41682184766978,-712.8249315544963,0.0,0.0,0.0,0.0,0.0,0.0,0.0,0.0,1741742621.7140288,0.0,right_blink
13.479130268096924,173.0,5.166671788785607,-676.6208300334401,4.83569064270705,-838.9680171599612,0.0,0.0,0.0,0.0,0.0,0.0,0.0,0.0,1741742621.7903535,0.0,right_blink
13.579868078231812,186.0,6.034328578505665,-922.5566511196084,6.567264322191477,-1095.5251541202888,0.0,0.0,0.0,0.0,0.0,0.0,0.0,0.0,1741742621.923896,0.0,right_blink
13.681108951568604,195.0,7.477929961401969,-809.5854931580834,8.635428997687995,-782.7872400255874,0.0,0.0,0.0,0.0,0.0,0.0,0.0,0.0,1741742622.0140598,0.0,right_blink
13.782466173171997,104.0,3.81656790478155,-900.6763664288446,8.719576746691018,-891.9175207326189,0.0,0.0,0.0,0.0,0.0,0.0,0.0,0.0,1741742622.105848,0.0,right_blink
13.883170127868652,116.0,5.185371288564056,-509.8044624598697,6.63271257141605,-792.5296794101596,0.0,0.0,0.0,0.0,0.0,0.0,0.0,0.0,1741742622.2252536,0.0,right_blink
13.983562469482422,125.0,6.546694872435182,-912.2812759913504,6.666371671017259,-1205.7287861146033,0.0,0.0,0.0,0.0,0.0,0.0,0.0,0.0,1741742622.31567,0.0,right_blink
14.084128141403198,135.0,7.765902257990092,-926.0777669278905,9.127225841861218,-1204.4796595294029,0.0,0.0,0.0,0.0,0.0,0.0,0.0,0.0,1741742622.4190395,0.0,right_blink
14.184828519821167,144.0,-1.490350132342428,-904.8874937789515,5.073174289893359,-929.1033459920436,0.0,0.0,0.0,0.0,0.0,0.0,0.0,0.0,1741742622.5089664,0.0,right_blink
14.285833835601807,156.0,-0.5740746431984007,-647.3841621298343,9.003809143323451,-693.0333809889853,0.0,0.0,0.0,0.0,0.0,0.0,0.0,0.0,1741742622.629033,0.0,right_blink
14.387327909469604,165.0,5.44342438550666,-1003.3515798123553,5.058214690070599,-1163.8419066108763,0.0,0.0,0.0,0.0,0.0,0.0,0.0,0.0,1741742622.7191167,0.0,right_blink
14.488168954849243,174.0,0.8770065396092832,-772.52869444713,2.9526510150171816,-916.2006911449134,0.0,0.0,0.0,0.0,0.0,0.0,0.0,0.0,1741742622.8088088,0.0,right_blink
14.588521242141724,186.0,6.696290870662779,-693.9795756777748,5.398545586038381,-857.7759740371257,0.0,0.0,0.0,0.0,0.0,0.0,0.0,0.0,1741742622.9305232,0.0,right_blink
14.689456701278687,197.0,13.07282029511407,-1012.1253851084039,11.027095019351691,-1129.7302791150287,0.0,0.0,0.0,0.0,0.0,0.0,0.0,0.0,1741742623.0342107,0.0,right_blink
14.791916131973267,105.0,4.959107341244817,-808.4111645719968,7.64061560947448,-979.4816683451645,0.0,0.0,0.0,0.0,0.0,0.0,0.0,0.0,1741742623.124045,0.0,right_blink
14.893608808517456,116.0,7.887449006550014,-926.7266395702027,11.24961906671524,-1107.980890922714,0.0,0.0,0.0,0.0,0.0,0.0,0.0,0.0,1741742623.2318854,0.0,right_blink
14.994539499282837,126.0,8.186641003005207,-880.2322033210658,9.619022686034441,-1119.462383786682,0.0,0.0,0.0,0.0,0.0,0.0,0.0,0.0,1741742623.3343403,0.0,right_blink
15.09540343284607,137.0,4.895529041998088,-577.6929964055307,6.885155818425119,-845.6082095312886,0.0,0.0,0.0,0.0,0.0,0.0,0.0,0.0,1741742623.4403255,0.0,right_blink
15.196654558181763,146.0,10.03789148107171,-852.5532037490048,10.269765278324485,-1157.863676531706,0.0,0.0,0.0,0.0,0.0,0.0,0.0,0.0,1741742623.531936,0.0,right_blink
15.298399448394775,156.0,5.149842238985002,-913.2891790294088,4.764632543548942,-1178.9305329821073,0.0,0.0,0.0,0.0,0.0,0.0,0.0,0.0,1741742623.6337805,0.0,right_blink
15.399161577224731,167.0,1.7465332793071866,-515.7191142397933,2.81988456659019,-922.5304718199186,0.0,0.0,0.0,0.0,0.0,0.0,0.0,0.0,1741742623.741546,0.0,right_blink
15.49990463256836,176.0,9.342270089313388,-735.8010069322772,10.602616374380887,-1206.9910023496486,0.0,0.0,0.0,0.0,0.0,0.0,0.0,0.0,1741742623.8304439,0.0,right_blink
15.600455045700073,186.0,6.653282021172345,-732.8689253670163,6.241893026046455,-1217.3916641264223,0.0,0.0,0.0,0.0,0.0,0.0,0.0,0.0,1741742623.9339097,0.0,right_blink
15.70089077949524,197.0,5.164801838807762,-423.83725212840363,11.032704869285226,-880.0788674228825,0.0,0.0,0.0,0.0,0.0,0.0,0.0,0.0,1741742624.041858,0.0,right_blink
15.802006244659424,107.0,6.9823932172730565,-645.1720113060437,6.986133117228746,-1168.5784899047576,0.0,0.0,0.0,0.0,0.0,0.0,0.0,0.0,1741742624.1456409,0.0,right_blink
15.902978897094727,116.0,5.082524039782584,-753.4159357235767,5.3742362363263965,-1249.319190048147,0.0,0.0,0.0,0.0,0.0,0.0,0.0,0.0,1741742624.2352536,0.0,right_blink
16.00321078300476,126.0,7.805171207524836,-659.6940428339876,6.208233926445246,-1271.3434608872049,0.0,0.0,0.0,0.0,0.0,0.0,0.0,0.0,1741742624.339281,0.0,right_blink
16.103951454162598,135.0,1.0322123877704144,-320.2457632557489,3.825917654670775,-1006.3603293267079,0.0,0.0,0.0,0.0,0.0,0.0,0.0,0.0,1741742624.430569,0.0,right_blink
16.204785585403442,147.0,8.238999602384865,-622.7213918720372,8.02208540495485,-1174.7343652318232,0.0,0.0,0.0,0.0,0.0,0.0,0.0,0.0,1741742624.5486903,0.0,right_blink
16.305352210998535,156.0,3.4070488596335053,-694.8304029176943,4.2073874501511455,-1233.4208753365092,0.0,0.0,0.0,0.0,0.0,0.0,0.0,0.0,1741742624.6393285,0.0,right_blink
16.407291650772095,167.0,8.190380902960896,-661.2461013155989,9.102916492149234,-1187.954911575187,0.0,0.0,0.0,0.0,0.0,0.0,0.0,0.0,1741742624.7454352,0.0,right_blink
16.50916862487793,177.0,8.115582903847098,-674.6424229568802,2.6328895688056946,-1192.4353117221035,0.0,0.0,0.0,0.0,0.0,0.0,0.0,0.0,1741742624.8490057,0.0,right_blink
16.610184907913208,188.0,3.6052635572850704,-645.433804302942,6.45506732352078,-977.4209834695794,0.0,0.0,0.0,0.0,0.0,0.0,0.0,0.0,1741742624.9553196,0.0,right_blink
16.712209463119507,197.0,10.684894173406065,-941.3870473965071,6.253112725913525,-1124.5823068260215,0.0,0.0,0.0,0.0,0.0,0.0,0.0,0.0,1741742625.0454206,0.0,right_blink
16.813112258911133,107.0,4.43178144749254,-1019.0853389259428,7.601346659939736,-1149.1833687345497,0.0,0.0,0.0,0.0,0.0,0.0,0.0,0.0,1741742625.1505177,0.0,right_blink
16.914413928985596,117.0,5.2096806382760406,-1065.1272472804412,9.691950735170394,-1113.1120336619206,0.0,0.0,0.0,0.0,0.0,0.0,0.0,0.0,1741742625.253964,0.0,right_blink
17.01597833633423,128.0,9.25251249037683,-901.371987820603,9.44885723805055,-955.9277784242295,0.0,0.0,0.0,0.0,0.0,0.0,0.0,0.0,1741742625.3607605,0.0,right_blink
17.116743564605713,137.0,2.573051169514656,-1144.704838537611,8.345586751122028,-1195.5095094856806,0.0,0.0,0.0,0.0,0.0,0.0,0.0,0.0,1741742625.4505024,0.0,right_blink
17.219509601593018,147.0,4.899268941953778,-1047.1084092939273,7.403131962288171,-1118.1646385020576,0.0,0.0,0.0,0.0,0.0,0.0,0.0,0.0,1741742625.5539575,0.0,right_blink
17.320767879486084,157.0,3.8446171544492245,-1102.9301560325548,7.83322045719251,-1171.9930185643025,0.0,0.0,0.0,0.0,0.0,0.0,0.0,0.0,1741742625.6596727,0.0,right_blink
17.421390056610107,168.0,8.310057701542974,-894.774804298766,9.157145041506737,-978.6701100547798,0.0,0.0,0.0,0.0,0.0,0.0,0.0,0.0,1741742625.763991,0.0,right_blink
17.52227807044983,177.0,5.871642930433154,-1067.1243538567796,2.784355517011136,-1176.619274809491,0.0,0.0,0.0,0.0,0.0,0.0,0.0,0.0,1741742625.854256,0.0,right_blink
17.622918844223022,188.0,6.5822239220142365,-861.6729497909546,6.999222767073661,-996.1504024476744,0.0,0.0,0.0,0.0,0.0,0.0,0.0,0.0,1741742625.9603672,0.0,right_blink
17.723772525787354,197.0,7.700454008765519,-1108.113657371141,9.987402831669897,-1188.280282871332,0.0,0.0,0.0,0.0,0.0,0.0,0.0,0.0,1741742626.0503168,0.0,right_blink
17.824625253677368,108.0,5.841723730787635,-1133.4140805713832,7.219876864459366,-1247.6998133673333,0.0,0.0,0.0,0.0,0.0,0.0,0.0,0.0,1741742626.1692753,0.0,right_blink
17.925490140914917,117.0,0.4674874944612384,-751.1289869006723,9.691950735170394,-809.4658163595013,0.0,0.0,0.0,0.0,0.0,0.0,0.0,0.0,1741742626.260598,0.0,right_blink
18.026982069015503,128.0,10.43058097641915,-1130.2276858091354,12.571673701051623,-1209.1713640238158,0.0,0.0,0.0,0.0,0.0,0.0,0.0,0.0,1741742626.3638983,0.0,right_blink
18.127774953842163,137.0,3.2798922611400485,-765.1423920346424,7.246056164149195,-807.528548182454,0.0,0.0,0.0,0.0,0.0,0.0,0.0,0.0,1741742626.455306,0.0,right_blink
18.22981595993042,149.0,3.590303957462311,-733.8917880048975,9.991142731625587,-858.0545965838246,0.0,0.0,0.0,0.0,0.0,0.0,0.0,0.0,1741742626.5756524,0.0,right_blink
18.331153869628906,158.0,3.62770295701921,-1120.5824838234112,7.290934963617474,-1214.3212062628008,0.0,0.0,0.0,0.0,0.0,0.0,0.0,0.0,1741742626.665925,0.0,right_blink
18.433470726013184,168.0,1.8662100778892636,-1145.490217528306,5.185371288564056,-1201.9907561088912,0.0,0.0,0.0,0.0,0.0,0.0,0.0,0.0,1741742626.7689857,0.0,right_blink
18.53489089012146,178.0,6.283031925559044,-1106.0604522954673,7.9080184563063085,-1196.1340727782808,0.0,0.0,0.0,0.0,0.0,0.0,0.0,0.0,1741742626.8746283,0.0,right_blink
18.635809659957886,189.0,3.4781069587916136,-693.4073709845543,5.44342438550666,-891.7810143842362,0.0,0.0,0.0,0.0,0.0,0.0,0.0,0.0,1741742626.9793189,0.0,right_blink
18.73680019378662,198.0,5.594890333712101,-1086.934603922069,8.846733345184475,-1200.7079704240896,0.0,0.0,0.0,0.0,0.0,0.0,0.0,0.0,1741742627.069752,0.0,right_blink
18.837692260742188,108.0,6.918814918026328,-820.9491791734472,1.9466179269365966,-888.4917723732069,0.0,0.0,0.0,0.0,0.0,0.0,0.0,0.0,1741742627.174002,0.0,right_blink
18.93827223777771,117.0,2.4384147711098194,-908.0215299418196,7.242316264193505,-1033.1137036597356,0.0,0.0,0.0,0.0,0.0,0.0,0.0,0.0,1741742627.2639365,0.0,right_blink
19.039528608322144,129.0,6.301731425337493,-1078.5310487216339,4.1269796011038125,-1190.3016987973824,0.0,0.0,0.0,0.0,0.0,0.0,0.0,0.0,1741742627.3847344,0.0,right_blink
19.140533924102783,138.0,1.6343362806364894,-809.0488175144419,1.123839936684817,-865.4614684460685,0.0,0.0,0.0,0.0,0.0,0.0,0.0,0.0,1741742627.4741006,0.0,right_blink
19.241397380828857,147.0,6.129696027375758,-983.081322052516,8.581200448330492,-1021.097405102104,0.0,0.0,0.0,0.0,0.0,0.0,0.0,0.0,1741742627.5639267,0.0,right_blink
19.342678785324097,159.0,5.609849933534861,-1115.9375280784443,9.598453236278147,-1208.9002212770283,0.0,0.0,0.0,0.0,0.0,0.0,0.0,0.0,1741742627.6841807,0.0,right_blink
19.443394899368286,168.0,3.579084257595241,-691.7805145038292,9.751789134461433,-800.1740349195898,0.0,0.0,0.0,0.0,0.0,0.0,0.0,0.0,1741742627.774021,0.0,right_blink
19.544103384017944,179.0,14.439753728918731,-1078.590887120925,8.008995755109936,-1225.5614755796269,0.0,0.0,0.0,0.0,0.0,0.0,0.0,0.0,1741742627.8790765,0.0,right_blink
19.64471125602722,188.0,1.125709886662662,-776.1750969039276,3.6856714063324034,-870.9516415810212,0.0,0.0,0.0,0.0,0.0,0.0,0.0,0.0,1741742627.97075,0.0,right_blink
19.745283126831055,198.0,-0.45252789463847876,-806.5655239438638,4.321454398799688,-865.9663549400866,0.0,0.0,0.0,0.0,0.0,0.0,0.0,0.0,1741742628.074293,0.0,right_blink
19.846304893493652,108.0,5.806194681208581,-744.101714883931,10.550257775001228,-850.4233307242393,0.0,0.0,0.0,0.0,0.0,0.0,0.0,0.0,1741742628.1797888,0.0,right_blink
19.947548151016235,119.0,0.9892035382799804,-843.3100410085171,6.671981520950794,-929.2155429907143,0.0,0.0,0.0,0.0,0.0,0.0,0.0,0.0,1741742628.286124,0.0,right_blink
20.04873251914978,128.0,6.355959974694997,-820.2909567812458,6.7430396201089025,-940.6371974553913,0.0,0.0,0.0,0.0,0.0,0.0,0.0,0.0,1741742628.375496,0.0,right_blink
20.14932370185852,138.0,4.014782602433115,-825.8746274150908,3.867056554183364,-943.6964356191456,0.0,0.0,0.0,0.0,0.0,0.0,0.0,0.0,1741742628.4790976,0.0,right_blink
20.249656677246094,149.0,3.296721810940653,-868.1504565142095,6.918814918026328,-961.9770666025579,0.0,0.0,0.0,0.0,0.0,0.0,0.0,0.0,1741742628.5860927,0.0,right_blink
20.35036063194275,159.0,4.2840553992427886,-850.0493407286704,3.066717963665724,-948.9397753570229,0.0,0.0,0.0,0.0,0.0,0.0,0.0,0.0,1741742628.6895957,0.0,right_blink
20.450844526290894,168.0,0.8620469397865236,-828.5897947829217,11.709626761265099,-945.5476860972121,0.0,0.0,0.0,0.0,0.0,0.0,0.0,0.0,1741742628.7792103,0.0,right_blink
20.551525831222534,180.0,8.697137346956879,-1087.259975218214,4.82073104288429,-1188.1998750222847,0.0,0.0,0.0,0.0,0.0,0.0,0.0,0.0,1741742628.8994753,0.0,right_blink
20.652955770492554,189.0,5.200330888386816,-839.8094946499914,5.422854935750365,-926.6574514210224,0.0,0.0,0.0,0.0,0.0,0.0,0.0,0.0,1741742628.9892256,0.0,right_blink
20.75382375717163,200.0,9.209503640886396,-1116.6181898703799,10.774651772342622,-1221.9749115221202,0.0,0.0,0.0,0.0,0.0,0.0,0.0,0.0,1741742629.0956013,0.0,right_blink
20.855157613754272,108.0,3.6725817564874887,-1090.7081629773602,7.805171207524836,-1207.8717487892136,0.0,0.0,0.0,0.0,0.0,0.0,0.0,0.0,1741742629.1840715,0.0,right_blink
20.955674648284912,120.0,4.128849551081657,-921.1298792865127,6.268072325736284,-1011.5195213155821,0.0,0.0,0.0,0.0,0.0,0.0,0.0,0.0,1741742629.3041828,0.0,right_blink
21.057329416275024,129.0,3.1190765630453825,-771.8966513546184,6.488726423121989,-894.4569128025323,0.0,0.0,0.0,0.0,0.0,0.0,0.0,0.0,1741742629.3940916,0.0,right_blink
21.15860104560852,138.0,3.018099264241755,-1114.662222193554,7.876229306682944,-1226.3992131697014,0.0,0.0,0.0,0.0,0.0,0.0,0.0,0.0,1741742629.4839644,0.0,right_blink
21.25940752029419,149.0,7.24418621417135,-675.9906568909064,7.846310107037425,-813.1140887662768,0.0,0.0,0.0,0.0,0.0,0.0,0.0,0.0,1741742629.5920625,0.0,right_blink
21.36008906364441,159.0,7.113289715722203,-704.0286868587136,8.366156200878322,-802.305777894333,0.0,0.0,0.0,0.0,0.0,0.0,0.0,0.0,1741742629.6942208,0.0,right_blink
21.461371660232544,170.0,6.911335118114948,-873.3376977527514,3.1190765630453825,-970.1001293063164,0.0,0.0,0.0,0.0,0.0,0.0,0.0,0.0,1741742629.8002827,0.0,right_blink
21.56223964691162,180.0,4.555198146030307,-964.9054082678631,6.537345122545958,-1041.5583977596834,0.0,0.0,0.0,0.0,0.0,0.0,0.0,0.0,1741742629.9041252,0.0,right_blink
21.66277527809143,189.0,14.189180431887507,-803.8914954755455,4.398122347891331,-941.3141193473712,0.0,0.0,0.0,0.0,0.0,0.0,0.0,0.0,1741742629.9939387,0.0,right_blink
21.763570547103882,198.0,4.944147741422057,-1025.7348810471594,5.321877636946738,-1183.9812678722665,0.0,0.0,0.0,0.0,0.0,0.0,0.0,0.0,1741742630.0840893,0.0,right_blink
21.864126205444336,110.0,6.438237773720175,-769.9631230775267,12.223863005172461,-918.8242309638299,0.0,0.0,0.0,0.0,0.0,0.0,0.0,0.0,1741742630.2062511,0.0,right_blink
21.964711666107178,119.0,13.05038089537993,-1087.9705562097952,8.558761048596352,-1199.4625837388448,0.0,0.0,0.0,0.0,0.0,0.0,0.0,0.0,1741742630.2954228,0.0,right_blink
22.065433740615845,129.0,3.7642093054018915,-1073.0259159868583,7.474190061446279,-1195.5581281851046,0.0,0.0,0.0,0.0,0.0,0.0,0.0,0.0,1741742630.3993273,0.0,right_blink
22.16626524925232,138.0,3.0798076135106385,-764.0578210474923,2.814274716656655,-833.760206471663,0.0,0.0,0.0,0.0,0.0,0.0,0.0,0.0,1741742630.489226,0.0,right_blink
22.267144441604614,150.0,5.477083485107869,174.26250838534907,9.680731035303324,-768.1174824493937,0.0,0.0,0.0,0.0,0.0,0.0,0.0,0.0,1741742630.6091151,0.0,right_blink
22.368247985839844,160.0,8.27078875200823,218.5990223600529,13.600146188866347,-806.0251084002666,0.0,0.0,0.0,0.0,0.0,0.0,0.0,0.0,1741742630.7032652,0.0,right_blink
22.468955278396606,170.0,7.418091562110931,221.37776802713051,15.298060768749565,-822.2600141079165,0.0,0.0,0.0,0.0,0.0,0.0,0.0,0.0,1741742630.8041532,0.0,right_blink
22.56947374343872,179.0,8.513882249128073,-120.59868392115459,9.89016543282196,-1195.214057389181,0.0,0.0,0.0,0.0,0.0,0.0,0.0,0.0,1741742630.8956032,0.0,right_blink
